"listingCard__media-link href","listingCard__photo-index","listingCard__price","listingCard__date","listingCard__title","listingCard__spec-item","listingCard__spec-item 2","listingCard__spec-item 3","listingCard__spec-item 4","listingCard__spec-item 5","listingCard__location","he-lazy-image src","listingCard__owner-firm","he-lazy-image src 2"
"https://www.hepsiemlak.com/kutahya-merkez-zafertepe-kiralik/daire/130551-1899","1 / 33","39.500","10/09/2026","Zafertepe Mahallesi Simkent Sitesinde Kiralık 4+1 Lüks Daire","Kiralık Daire","4 + 1","165 m²","11 Yaşında","1. Kat","Kütahya / Merkez / Zafertepe Mah.","https://hecdnnw.hemlak.com/mncropresize/77/67/logo/1/5/5/0/3/1/d0f2e542-a676-416f-b94d-2b30bbf5f5bf.jpg","Coldwell Banker Çizgi",""
"https://www.hepsiemlak.com/kutahya-merkez-meydan-kiralik/daire/137832-823","1 / 19","12.500","10/09/2026","Kütahya Serra Gayrimenkul 'dan Kiralık 1+1 Daire","Kiralık Daire","1 + 1","55 m²","6 Yaşında","2. Kat","Kütahya / Merkez / Meydan Mah.","https://hecdnnw.hemlak.com/mncropresize/77/67/firmuser/9/4/1/6/8/7/3/8cf2a338-a190-4c51-8174-831732aa7374.jpg","Kütahya Serra Gayrimenkul",""
"https://www.hepsiemlak.com/kutahya-merkez-meydan-kiralik/daire/137832-838","1 / 21","13.000","09/09/2026","Kütahya Meydan Mahallesinde Eşyalı Kiralık 1+1 Daire","Kiralık Daire","1 + 1","55 m²","5 Yaşında","3. Kat","Kütahya / Merkez / Meydan Mah.","https://hecdnnw.hemlak.com/mncropresize/77/67/firmuser/9/4/1/6/8/7/3/8cf2a338-a190-4c51-8174-831732aa7374.jpg","Kütahya Serra Gayrimenkul",""
"https://www.hepsiemlak.com/kutahya-merkez-fuatpasa-kiralik/daire/137832-793","1 / 11","15.000","09/09/2026","Kütahya Fuatpaşa Mahallesi Kiralık 1+1 Eşyalı Dubleks Daire","Kiralık Daire","1 + 1","60 m²","6 Yaşında","3. Kat","Kütahya / Merkez / Fuatpaşa Mah.","https://hecdn01.hemlak.com/mncropresize/182/137/ds01/5/4/0/2/4/7/6/4/21074dcf-eed3-4618-a35f-64cad465de90.jpg","Kütahya Serra Gayrimenkul","https://hecdnnw.hemlak.com/mncropresize/77/67/firmuser/9/4/1/6/8/7/3/8cf2a338-a190-4c51-8174-831732aa7374.jpg"
"https://www.hepsiemlak.com/kutahya-merkez-akkent-kiralik/daire/150267-141","1 / 26","27.000","09/09/2026","Mars'tan Toki'de -Kombili- Önü Açık Bakımlı Kiralık 3+1 Daire","Kiralık Daire","3 + 1","155 m²","15 Yaşında","6. Kat","Kütahya / Merkez / Akkent Mah.","https://www.hepsiemlak.com/_nuxt/8cafc93fb5c74c75e9e04e528e02ccdf.jpg","",""
"https://www.hepsiemlak.com/kutahya-merkez-30-agustos-kiralik/daire/0-47267563","1 / 17","15.000","08/09/2026","Sahibinden 1+1 Full Eşyalı Daire","Kiralık Daire","1 + 1","55 m²","10 Yaşında","Giriş Katı","Kütahya / Merkez / 30 Ağustos Mah.","https://www.hepsiemlak.com/_nuxt/8cafc93fb5c74c75e9e04e528e02ccdf.jpg","",""
"https://www.hepsiemlak.com/kutahya-merkez-kirazpinar-kiralik/daire/170667-82","1 / 21","15.500","08/09/2026","Kirazpınar'da Kiralık 1+1 Eşyalı Daire","Kiralık Daire","1 + 1","60 m²","6 Yaşında","2. Kat","Kütahya / Merkez / Kirazpınar Mah.","https://www.hepsiemlak.com/_nuxt/8cafc93fb5c74c75e9e04e528e02ccdf.jpg","",""
"https://www.hepsiemlak.com/kutahya-merkez-servi-kiralik/daire/129236-440","1 / 42","17.000","06/09/2026","Kütahya Merkez Çarşı Merkezi Konumda Menderes Caddesi Servi Mahallesi Kiralık 3+1 Daire","Kiralık Daire","3 + 1","110 m²","42 Yaşında","En Üst Kat","Kütahya / Merkez / Servi Mah.","https://www.hepsiemlak.com/_nuxt/8cafc93fb5c74c75e9e04e528e02ccdf.jpg","",""
"https://www.hepsiemlak.com/kutahya-merkez-gaybiefendi-kiralik/daire/170667-81","1 / 20","18.500","04/09/2026","Belediye Binası Yanında 2+1 Daire","Kiralık Daire","2 + 1","120 m²","20 Yaşında","En Üst Kat","Kütahya / Merkez / Gaybiefendi Mah.","https://www.hepsiemlak.com/_nuxt/8cafc93fb5c74c75e9e04e528e02ccdf.jpg","",""
"https://www.hepsiemlak.com/kutahya-merkez-akkent-kiralik/daire/150267-129","1 / 31","26.000","06/09/2026","Mars'tan Sera Avm Arkasında Geniş Ve Ferah Sıfır 3+1 Kiralık Daire","Kiralık Daire","3 + 1","140 m²","Sıfır Bina","2. Kat","Kütahya / Merkez / Akkent Mah.","https://www.hepsiemlak.com/_nuxt/8cafc93fb5c74c75e9e04e528e02ccdf.jpg","",""
"https://www.hepsiemlak.com/kutahya-merkez-zafertepe-kiralik/daire/137832-851","1 / 29","20.000","08/09/2026","🏡 **zafertepe Mahallesi Selçuklu Caddesi’nde Kiralık 3+1 Daire!**","Kiralık Daire","3 + 1","135 m²","10 Yaşında","2. Kat","Kütahya / Merkez / Zafertepe Mah.","https://www.hepsiemlak.com/_nuxt/8cafc93fb5c74c75e9e04e528e02ccdf.jpg","Kütahya Serra Gayrimenkul","https://www.hepsiemlak.com/_nuxt/8cafc93fb5c74c75e9e04e528e02ccdf.jpg"
"https://www.hepsiemlak.com/kutahya-merkez-100-yil-kiralik/daire/151202-2067","1 / 34","14.000","05/09/2026","Sayman'dan 100.Yıl Mh'de Yenilenmiş, Masrafsız 2+1 Kiralık Daire","Kiralık Daire","2 + 1","90 m²","31 Yaşında","4. Kat","Kütahya / Merkez / 100. Yıl Mah.","https://www.hepsiemlak.com/_nuxt/8cafc93fb5c74c75e9e04e528e02ccdf.jpg","Sayman Emlak","https://www.hepsiemlak.com/_nuxt/8cafc93fb5c74c75e9e04e528e02ccdf.jpg"
"https://www.hepsiemlak.com/kutahya-merkez-akkent-kiralik/daire/137832-849","1 / 35","15.000","07/09/2026","Akkent Mahallesi Toki 627 Konutları’nda Kiralık 2+1 Daire!","Kiralık Daire","2 + 1","102 m²","5 Yaşında","3. Kat","Kütahya / Merkez / Akkent Mah.","https://www.hepsiemlak.com/_nuxt/8cafc93fb5c74c75e9e04e528e02ccdf.jpg","Kütahya Serra Gayrimenkul","https://www.hepsiemlak.com/_nuxt/8cafc93fb5c74c75e9e04e528e02ccdf.jpg"
"https://www.hepsiemlak.com/kutahya-merkez-fuatpasa-kiralik/daire/73389-2948","1 / 29","12.000","03/09/2026","Sahibinden Eşyalı Kiralık 1+1 Daire.","Kiralık Daire","1 + 1","60 m²","11 Yaşında","3. Kat","Kütahya / Merkez / Fuatpaşa Mah.","https://www.hepsiemlak.com/_nuxt/8cafc93fb5c74c75e9e04e528e02ccdf.jpg","",""
"https://www.hepsiemlak.com/kutahya-merkez-dumlupinar-kiralik/daire/151202-2066","1 / 35","18.000","05/09/2026","Sayman Emlak'tan Sporkentte 3+1 Kiralık Daire","Kiralık Daire","3 + 1","145 m²","16 Yaşında","1. Kat","Kütahya / Merkez / Dumlupınar Mah.","https://www.hepsiemlak.com/_nuxt/8cafc93fb5c74c75e9e04e528e02ccdf.jpg","Sayman Emlak","https://www.hepsiemlak.com/_nuxt/8cafc93fb5c74c75e9e04e528e02ccdf.jpg"
"https://www.hepsiemlak.com/kutahya-merkez-dumlupinar-kiralik/daire/137832-840","1 / 26","10.000","09/09/2026","Dumlupınar Mahallesinde Germiyan Kampüsü Yanında 2+0 Kiralık Da","Kiralık Daire","2 + 0","75 m²","6 Yaşında","4. Kat","Kütahya / Merkez / Dumlupınar Mah.","https://www.hepsiemlak.com/_nuxt/8cafc93fb5c74c75e9e04e528e02ccdf.jpg","Kütahya Serra Gayrimenkul","https://www.hepsiemlak.com/_nuxt/8cafc93fb5c74c75e9e04e528e02ccdf.jpg"
"https://www.hepsiemlak.com/kutahya-merkez-fatih-kiralik/daire/170667-83","1 / 22","19.000","08/09/2026","Hg'den Fatih'te 2+1 Daire","Kiralık Daire","2 + 1","110 m²","6 Yaşında","2. Kat","Kütahya / Merkez / Fatih Mah.","https://www.hepsiemlak.com/_nuxt/8cafc93fb5c74c75e9e04e528e02ccdf.jpg","",""
"https://www.hepsiemlak.com/kutahya-merkez-yoncali-kiralik/villa/151202-2063","1 / 35","50.000","03/09/2026","Sayman'dan Yoncalı'da Site İçi Sıfır Tadilatlı 3+1 Bahçeli Villa","Kiralık Villa","3 + 1","388 m²","11 Yaşında","","Kütahya / Merkez / Yoncalı Mah.","https://www.hepsiemlak.com/_nuxt/8cafc93fb5c74c75e9e04e528e02ccdf.jpg","Sayman Emlak","https://www.hepsiemlak.com/_nuxt/8cafc93fb5c74c75e9e04e528e02ccdf.jpg"
"https://www.hepsiemlak.com/kutahya-merkez-gaybiefendi-kiralik/daire/137832-837","1 / 19","12.500","07/09/2026","Kütahya Merkez Gaybiefendi Mahallesi’nde Kiralık Eşyalı 1+1 Daire!","Kiralık Daire","1 + 1","50 m²","7 Yaşında","2. Kat","Kütahya / Merkez / Gaybiefendi Mah.","https://www.hepsiemlak.com/_nuxt/8cafc93fb5c74c75e9e04e528e02ccdf.jpg","Kütahya Serra Gayrimenkul","https://www.hepsiemlak.com/_nuxt/8cafc93fb5c74c75e9e04e528e02ccdf.jpg"
"https://www.hepsiemlak.com/kutahya-tavsanli-yeni-kiralik/daire/154207-92","1 / 16","19.000","31/08/2026","Muhtar Emlak'tan Yeni Mahallede 2+1 Kiralık Daire","Kiralık Daire","2 + 1","100 m²","10 Yaşında","2. Kat","Kütahya / Tavşanlı / Yeni Mah.","https://www.hepsiemlak.com/_nuxt/8cafc93fb5c74c75e9e04e528e02ccdf.jpg","",""
"https://www.hepsiemlak.com/kutahya-merkez-yenidogan-kiralik/daire/0-47109336","1 / 22","25.000","12/08/2026","Kiralık Dubleks Daire","Kiralık Daire","5 + 2","250 m²","7 Yaşında","En Üst Kat","Kütahya / Merkez / Yenidoğan Mah.","https://www.hepsiemlak.com/_nuxt/8cafc93fb5c74c75e9e04e528e02ccdf.jpg","",""
"https://www.hepsiemlak.com/kutahya-merkez-evliya-celebi-kiralik/daire/151672-207","1 / 22","30.000","24/08/2026","^^kütahya Şehir Has. Yürüme Mesafesinde Lüks 2+0 Eşyalı Daire ^^","Kiralık Daire","1 + 1","85 m²","Sıfır Bina","4. Kat","Kütahya / Merkez / Evliya Çelebi Mah.","https://www.hepsiemlak.com/_nuxt/8cafc93fb5c74c75e9e04e528e02ccdf.jpg","",""
"https://www.hepsiemlak.com/kutahya-merkez-30-agustos-kiralik/daire/96870-1529","1 / 29","43.000","07/09/2026","Kolçan Emlaktan Ultra Lüks Teraslı, Eşyalı 2+1 Kiralık","Kiralık Daire","2 + 1","110 m²","3 Yaşında","4. Kat","Kütahya / Merkez / 30 Ağustos Mah.","https://www.hepsiemlak.com/_nuxt/8cafc93fb5c74c75e9e04e528e02ccdf.jpg","",""
"https://www.hepsiemlak.com/kutahya-merkez-akkent-kiralik/daire/113002-555","1 / 27","20.000","19/08/2026","Akarsu Emlak'tan Toki De Adalet Sitesinde Kiralık 3+1 Daire","Kiralık Daire","3 + 1","130 m²","12 Yaşında","En Üst Kat","Kütahya / Merkez / Akkent Mah.","https://www.hepsiemlak.com/_nuxt/8cafc93fb5c74c75e9e04e528e02ccdf.jpg","",""
"https://www.hepsiemlak.com/kutahya-merkez-akkent-kiralik/daire/0-47042239","1 / 20","17.000","31/07/2026","Sahibinden Kiralık Sıfır Toki","Kiralık Daire","2 + 1","95 m²","Sıfır Bina","3. Kat","Kütahya / Merkez / Akkent Mah.","","",""
"https://www.hepsiemlak.com/kutahya-merkez-akkent-kiralik/daire/137832-850","1 / 19","15.000","02/09/2026","Akkent Mahallesi Toki 634 Konutları’nda Sıfır 2+1 Kiralık Daire!","Kiralık Daire","2 + 1","102 m²","Sıfır Bina","2. Kat","Kütahya / Merkez / Akkent Mah.","https://hecdnnw.hemlak.com/mncropresize/77/67/firmuser/9/4/1/6/8/7/3/8cf2a338-a190-4c51-8174-831732aa7374.jpg","Kütahya Serra Gayrimenkul",""
"https://www.hepsiemlak.com/kutahya-tavsanli-ulucami-kiralik/daire/151672-205","1 / 8","20.000","24/08/2026","^^akyol Emlaktan Merkez'de Kiralık 1+1 Lüks Eşyalı Daire^^","Kiralık Daire","1 + 1","55 m²","Sıfır Bina","2. Kat","Kütahya / Tavşanlı / Ulucami Mah.","","",""
"https://www.hepsiemlak.com/kutahya-merkez-dumlupinar-kiralik/daire/113002-549","1 / 35","32.000","08/09/2026","Akarsu Emlak'tan Dumlupınar Mahallesinde Kiralık 3+1 Sıfır Arakat Daire","Kiralık Daire","3 + 1","135 m²","Sıfır Bina","Ara Kat","Kütahya / Merkez / Dumlupınar Mah.","https://hecdn01.hemlak.com/mncropresize/182/137/ds01/1/9/1/6/3/9/6/4/1784015350881-46936191.jpg","",""
"https://www.hepsiemlak.com/kutahya-tavsanli-durak-kiralik/daire/154207-75","1 / 21","24.000","24/08/2026","Muhtar Emlak'tan ***her Şey Dahil*** Şehir Merkezinde 1+1 Sıfır Apart Daire","Kiralık Daire","1 + 1","60 m²","Sıfır Bina","Ara Kat","Kütahya / Tavşanlı / Durak Mah.","https://www.hepsiemlak.com/_nuxt/8cafc93fb5c74c75e9e04e528e02ccdf.jpg","",""
"https://www.hepsiemlak.com/kutahya-merkez-zafertepe-kiralik/daire/137832-826","1 / 37","19.000","03/09/2026","Kiralık 3+1 Daire Zafertepe Mahallesi","Kiralık Daire","3 + 1","135 m²","6 Yaşında","1. Kat","Kütahya / Merkez / Zafertepe Mah.","https://www.hepsiemlak.com/_nuxt/8cafc93fb5c74c75e9e04e528e02ccdf.jpg","Kütahya Serra Gayrimenkul","https://www.hepsiemlak.com/_nuxt/8cafc93fb5c74c75e9e04e528e02ccdf.jpg"
"https://www.hepsiemlak.com/kutahya-tavsanli-durak-kiralik/daire/0-47117764","1 / 9","17.500","01/09/2026","Tavşanlı Şehir Merkezi Avm Civarı Kiralık","Kiralık Daire","1 + 1","55 m²","5 Yaşında","Ara Kat","Kütahya / Tavşanlı / Durak Mah.","https://www.hepsiemlak.com/_nuxt/8cafc93fb5c74c75e9e04e528e02ccdf.jpg","",""
"https://www.hepsiemlak.com/kutahya-tavsanli-omerbey-kiralik/daire/137832-814","1 / 32","18.500","02/09/2026","Kiralık 2+1 Daire Kütahya Tavşanlı Ömerbey Toki Konutları","Kiralık Daire","2 + 1","85 m²","Sıfır Bina","2. Kat","Kütahya / Tavşanlı / Ömerbey Mah.","https://www.hepsiemlak.com/_nuxt/8cafc93fb5c74c75e9e04e528e02ccdf.jpg","Kütahya Serra Gayrimenkul","https://www.hepsiemlak.com/_nuxt/8cafc93fb5c74c75e9e04e528e02ccdf.jpg"
"https://www.hepsiemlak.com/kutahya-merkez-mehmet-akif-ersoy-kiralik/daire/151202-2053","1 / 19","12.000","02/09/2026","Sayman Emlak'tan Mehmet Akif Ersoy Mah. Kiralık Daire","Kiralık Daire","2 + 1","105 m²","21 Yaşında","3. Kat","Kütahya / Merkez / Mehmet Akif Ersoy Mah.","https://www.hepsiemlak.com/_nuxt/8cafc93fb5c74c75e9e04e528e02ccdf.jpg","Sayman Emlak","https://www.hepsiemlak.com/_nuxt/8cafc93fb5c74c75e9e04e528e02ccdf.jpg"
"https://www.hepsiemlak.com/kutahya-merkez-akkent-kiralik/daire/170667-75","1 / 24","14.500","29/08/2026","Yeni Toki'lerde Kiralık 2+1 Yüksek Giriş","Kiralık Daire","2 + 1","95 m²","Sıfır Bina","Yüksek Giriş","Kütahya / Merkez / Akkent Mah.","https://www.hepsiemlak.com/_nuxt/8cafc93fb5c74c75e9e04e528e02ccdf.jpg","",""
"https://www.hepsiemlak.com/kutahya-tavsanli-omerbey-kiralik/daire/137832-803","1 / 32","18.500","17/08/2026","Kiralık 2+1 Daire Tavşanlı Ömerbey Toki Konutları","Kiralık Daire","2 + 1","85 m²","Sıfır Bina","4. Kat","Kütahya / Tavşanlı / Ömerbey Mah.","https://www.hepsiemlak.com/_nuxt/8cafc93fb5c74c75e9e04e528e02ccdf.jpg","Kütahya Serra Gayrimenkul","https://www.hepsiemlak.com/_nuxt/8cafc93fb5c74c75e9e04e528e02ccdf.jpg"
"https://www.hepsiemlak.com/kutahya-merkez-kirazpinar-kiralik/daire/151202-2051","1 / 28","13.000","01/09/2026","Sayman'dan Dumlupınar Üniversitesi Karşısında Kiralık Eşyalı 1+1","Kiralık Daire","1 + 1","50 m²","1 Yaşında","2. Kat","Kütahya / Merkez / Kirazpınar Mah.","https://www.hepsiemlak.com/_nuxt/8cafc93fb5c74c75e9e04e528e02ccdf.jpg","Sayman Emlak","https://www.hepsiemlak.com/_nuxt/8cafc93fb5c74c75e9e04e528e02ccdf.jpg"
"https://www.hepsiemlak.com/kutahya-merkez-istiklal-kiralik/daire/170667-61","1 / 40","15.000","20/08/2026","Hg'den Evliya Çelebi Hast. Karşısında 2+1 Daire","Kiralık Daire","2 + 1","110 m²","6 Yaşında","Yüksek Giriş","Kütahya / Merkez / İstiklal Mah.","https://www.hepsiemlak.com/_nuxt/8cafc93fb5c74c75e9e04e528e02ccdf.jpg","",""
"https://www.hepsiemlak.com/kutahya-merkez-yildirim-beyazit-kiralik/daire/96870-1505","1 / 18","22.000","05/08/2026","Kolçan Emlak'tan 3+1 Anadolu Hastanesi Civarı Kiralık Daire","Kiralık Daire","3 + 1","140 m²","16 Yaşında","3. Kat","Kütahya / Merkez / Yıldırım Beyazıt Mah.","https://www.hepsiemlak.com/_nuxt/8cafc93fb5c74c75e9e04e528e02ccdf.jpg","",""
"https://www.hepsiemlak.com/kutahya-merkez-meydan-kiralik/daire/151202-2049","1 / 20","15.000","01/09/2026","Sayman'dan Kütahya Merkezde Ayrı Mutfak Geniş Balkonlu 1+1","Kiralık Daire","1 + 1","60 m²","16 Yaşında","2. Kat","Kütahya / Merkez / Meydan Mah.","https://www.hepsiemlak.com/_nuxt/8cafc93fb5c74c75e9e04e528e02ccdf.jpg","Sayman Emlak","https://www.hepsiemlak.com/_nuxt/8cafc93fb5c74c75e9e04e528e02ccdf.jpg"
"https://www.hepsiemlak.com/kutahya-merkez-100-yil-kiralik/daire/151243-202","1 / 35","11.000","24/08/2026","Park Hayat Hastanesi'nin 180 Metre Arkasında Eşyalı 1+1 Daire","Kiralık Daire","1 + 1","50 m²","6 Yaşında","2. Kat","Kütahya / Merkez / 100. Yıl Mah.","https://www.hepsiemlak.com/_nuxt/8cafc93fb5c74c75e9e04e528e02ccdf.jpg","",""
"https://www.hepsiemlak.com/kutahya-tavsanli-istasyon-kiralik/daire/159738-89","1 / 9","15.000","02/09/2026","Kütahya, Tavşanlı'da Kiralık, Ara Kat, 1+1 Eşyalı Apart","Kiralık Daire","1 + 1","55 m²","9 Yaşında","Ara Kat","Kütahya / Tavşanlı / İstasyon Mah.","https://www.hepsiemlak.com/_nuxt/8cafc93fb5c74c75e9e04e528e02ccdf.jpg","",""
"https://www.hepsiemlak.com/kutahya-merkez-kirazpinar-kiralik/daire/151202-2037","1 / 18","11.000","06/09/2026","Sayman'dan Dumlupınar Üniversitesi Karşısında Kiralık Geniş 2+0","Kiralık Daire","2 + 0","60 m²","3 Yaşında","2. Kat","Kütahya / Merkez / Kirazpınar Mah.","https://www.hepsiemlak.com/_nuxt/8cafc93fb5c74c75e9e04e528e02ccdf.jpg","Sayman Emlak","https://www.hepsiemlak.com/_nuxt/8cafc93fb5c74c75e9e04e528e02ccdf.jpg"
"https://www.hepsiemlak.com/kutahya-merkez-100-yil-kiralik/daire/150267-137","1 / 23","8.500","28/08/2026","Mars'tan Göçmenevlerinde Kiralık 2+1 Daire","Kiralık Daire","2 + 1","75 m²","40 Yaşında","2. Kat","Kütahya / Merkez / 100. Yıl Mah.","https://www.hepsiemlak.com/_nuxt/8cafc93fb5c74c75e9e04e528e02ccdf.jpg","",""
"https://www.hepsiemlak.com/kutahya-merkez-servi-kiralik/daire/113002-558","1 / 8","13.500","29/08/2026","Akarsu Emlak'tan Servi Mah. De Kiralık 1+1 Herşey Dahil Daireler","Kiralık Daire","1 + 1","60 m²","9 Yaşında","Çatı Katı","Kütahya / Merkez / Servi Mah.","https://www.hepsiemlak.com/_nuxt/8cafc93fb5c74c75e9e04e528e02ccdf.jpg","",""
"https://www.hepsiemlak.com/kutahya-merkez-inkoy-kiralik/daire/151202-2033","1 / 30","15.500","28/08/2026","Sayman'dan 634 Yeni Toki'lerde Kiralık 2+1 Daire","Kiralık Daire","2 + 1","95 m²","Sıfır Bina","2. Kat","Kütahya / Merkez / İnköy Mah.","https://www.hepsiemlak.com/_nuxt/8cafc93fb5c74c75e9e04e528e02ccdf.jpg","Sayman Emlak","https://www.hepsiemlak.com/_nuxt/8cafc93fb5c74c75e9e04e528e02ccdf.jpg"
"https://www.hepsiemlak.com/kutahya-merkez-meydan-kiralik/daire/0-47177415","1 / 11","12.500","07/09/2026","Çarşı Merkez Kafeler Bölgesine_vatan Bilgisayara Yürüme Mesafesinde","Kiralık Daire","1 + 1","50 m²","16 Yaşında","Yüksek Giriş","Kütahya / Merkez / Meydan Mah.","https://www.hepsiemlak.com/_nuxt/8cafc93fb5c74c75e9e04e528e02ccdf.jpg","",""
"https://www.hepsiemlak.com/kutahya-merkez-dumlupinar-kiralik/daire/150267-127","1 / 33","31.000","28/07/2026","Mars'tan Sporkent'te Arakat Güney Cephe Sıfır 3+1 Kiralık Daire","Kiralık Daire","3 + 1","140 m²","Sıfır Bina","3. Kat","Kütahya / Merkez / Dumlupınar Mah.","https://www.hepsiemlak.com/_nuxt/8cafc93fb5c74c75e9e04e528e02ccdf.jpg","",""
"https://www.hepsiemlak.com/kutahya-merkez-75-yil-kiralik/daire/151202-2026","1 / 25","20.500","09/09/2026","Sayman'dan Atakent'te Geniş Kiralık 3+1 Daire","Kiralık Daire","3 + 1","135 m²","16 Yaşında","4. Kat","Kütahya / Merkez / 75. Yıl Mah.","https://www.hepsiemlak.com/_nuxt/8cafc93fb5c74c75e9e04e528e02ccdf.jpg","Sayman Emlak","https://www.hepsiemlak.com/_nuxt/8cafc93fb5c74c75e9e04e528e02ccdf.jpg"
"https://www.hepsiemlak.com/kutahya-merkez-dumlupinar-kiralik/daire/150267-123","1 / 35","30.000","05/08/2026","Mars'tan Sporkent'te Önü Açık, Ferah Ve Geniş 3+1 Kiralık Daire","Kiralık Daire","3 + 1","140 m²","Sıfır Bina","4. Kat","Kütahya / Merkez / Dumlupınar Mah.","","",""
"https://www.hepsiemlak.com/kutahya-merkez-balikli-kiralik/daire/170667-65","1 / 19","11.500","20/08/2026","Hg'den Hürriyet Caddesinde Kiralık 2+1 Daire","Kiralık Daire","2 + 1","110 m²","21 Yaşında","4. Kat","Kütahya / Merkez / Balıklı Mah.","","",""
"https://www.hepsiemlak.com/kutahya-merkez-meydan-kiralik/daire/151202-2055","1 / 12","12.500","03/09/2026","Sayman'dan Merkezde Kiralık Eşyalı 1+1 Daire","Kiralık Daire","1 + 1","50 m²","1 Yaşında","2. Kat","Kütahya / Merkez / Meydan Mah.","https://hecdnnw.hemlak.com/mncropresize/77/67/logo/2/0/2/1/5/1/309ed5d5-90d7-4270-a2f0-ea9dda784a9d.jpg","Sayman Emlak",""
"https://www.hepsiemlak.com/kutahya-merkez-yenidogan-kiralik/daire/170667-43","1 / 18","21.000","12/08/2026","Hg'den Yenidoğanda Kiralık 3+1 Daire","Kiralık Daire","3 + 1","140 m²","11 Yaşında","2. Kat","Kütahya / Merkez / Yenidoğan Mah.","https://hecdn01.hemlak.com/mncropresize/182/137/ds01/3/0/2/3/0/1/7/4/89bf56b6-c523-4dbc-b66a-fd2a2ff25b15.jpg","",""
"https://www.hepsiemlak.com/kutahya-merkez-mecidiye-kiralik/daire/151202-2039","1 / 11","13.000","28/08/2026","Sayman'dan Merkezde Eşyalı Kiralık 1+1 Daire","Kiralık Daire","1 + 1","60 m²","11 Yaşında","2. Kat","Kütahya / Merkez / Mecidiye Mah.","https://www.hepsiemlak.com/_nuxt/8cafc93fb5c74c75e9e04e528e02ccdf.jpg","Sayman Emlak","https://www.hepsiemlak.com/_nuxt/8cafc93fb5c74c75e9e04e528e02ccdf.jpg"
"https://www.hepsiemlak.com/kutahya-merkez-zafertepe-kiralik/daire/130551-1737","1 / 33","39.500","07/07/2026","Zafertepe Mahallesi Simkent Sitesinde Kiralık 4+1 Lüks Daire","Kiralık Daire","4 + 1","165 m²","11 Yaşında","1. Kat","Kütahya / Merkez / Zafertepe Mah.","https://www.hepsiemlak.com/_nuxt/8cafc93fb5c74c75e9e04e528e02ccdf.jpg","Coldwell Banker Çizgi","https://www.hepsiemlak.com/_nuxt/8cafc93fb5c74c75e9e04e528e02ccdf.jpg"
"https://www.hepsiemlak.com/kutahya-merkez-haciazizler-kiralik/daire/129236-425","1 / 47","25.000","01/08/2026","Kütahya Merkez Hacıazizler Mahallesi Manzara Koru Site İçi Ara Kat 2+1 Amerikan Mutfak Kiralık Daire","Kiralık Daire","2 + 1","90 m²","5 Yaşında","Ara Kat","Kütahya / Merkez / Hacıazizler Mah.","https://www.hepsiemlak.com/_nuxt/8cafc93fb5c74c75e9e04e528e02ccdf.jpg","",""
"https://www.hepsiemlak.com/kutahya-emet-akpinar-kiralik/daire/151202-2052","1 / 10","10.000","01/09/2026","Sayman'dan Kiralık Emet Gazi Caddesinde 2+1 Daire","Kiralık Daire","2 + 1","83 m²","21 Yaşında","Zemin","Kütahya / Emet / Akpınar Mah.","https://www.hepsiemlak.com/_nuxt/8cafc93fb5c74c75e9e04e528e02ccdf.jpg","Sayman Emlak","https://www.hepsiemlak.com/_nuxt/8cafc93fb5c74c75e9e04e528e02ccdf.jpg"
"https://www.hepsiemlak.com/kutahya-tavsanli-ulucami-kiralik/daire/154207-88","1 / 17","12.500","28/08/2026","Muhtar Emlak'tan Asri Mezarlık Üstü 2+0 Kiralık Daire","Kiralık Daire","2 + 0","80 m²","10 Yaşında","Zemin","Kütahya / Tavşanlı / Ulucami Mah.","https://www.hepsiemlak.com/_nuxt/8cafc93fb5c74c75e9e04e528e02ccdf.jpg","",""
"https://www.hepsiemlak.com/kutahya-merkez-yildirim-beyazit-kiralik/daire/129236-435","1 / 33","16.000","01/08/2026","Kütahya Merkez Yıldırım Beyazıt Mahallesi Merkezi Çağdaşkent Ara Kat Çift Cephe Kiralık 2+1 Daire","Kiralık Daire","2 + 1","100 m²","38 Yaşında","Ara Kat","Kütahya / Merkez / Yıldırım Beyazıt Mah.","https://www.hepsiemlak.com/_nuxt/8cafc93fb5c74c75e9e04e528e02ccdf.jpg","",""
"https://www.hepsiemlak.com/kutahya-merkez-saray-kiralik/daire/137832-749","1 / 15","11.000","24/08/2026","Kütahya Serra'dan Saray Mah Kiralık Eşyalı 1+1 Daire","Kiralık Daire","1 + 1","55 m²","6 Yaşında","2. Kat","Kütahya / Merkez / Saray Mah.","https://www.hepsiemlak.com/_nuxt/8cafc93fb5c74c75e9e04e528e02ccdf.jpg","Kütahya Serra Gayrimenkul","https://www.hepsiemlak.com/_nuxt/8cafc93fb5c74c75e9e04e528e02ccdf.jpg"
"https://www.hepsiemlak.com/kutahya-merkez-100-yil-kiralik/daire/150267-113","1 / 15","8.000","08/08/2026","Mars'tan Park Hayat Hastanesi Arkasında Kiralık 1+1 Daire","Kiralık Daire","1 + 1","45 m²","6 Yaşında","3. Kat","Kütahya / Merkez / 100. Yıl Mah.","https://www.hepsiemlak.com/_nuxt/8cafc93fb5c74c75e9e04e528e02ccdf.jpg","",""
"https://www.hepsiemlak.com/kutahya-tavsanli-durak-kiralik/daire/170717-7","1 / 5","16.500","02/09/2026","Kütahya Tavşanlı Kiralık Esyalı Apart","Kiralık Daire","1 + 1","48 m²","6 Yaşında","Ara Kat","Kütahya / Tavşanlı / Durak Mah.","https://www.hepsiemlak.com/_nuxt/8cafc93fb5c74c75e9e04e528e02ccdf.jpg","",""
"https://www.hepsiemlak.com/kutahya-merkez-yenidogan-kiralik/daire/129236-432","1 / 22","15.000","01/08/2026","Kütahya Merkez Yenidoğan Dumlupınar Bulvarı Üzeri Kütso Özel İdare Yakını Eşyalı 1+1 Kiralık Apart","Kiralık Daire","1 + 1","45 m²","14 Yaşında","Ara Kat","Kütahya / Merkez / Yenidoğan Mah.","https://www.hepsiemlak.com/_nuxt/8cafc93fb5c74c75e9e04e528e02ccdf.jpg","",""
"https://www.hepsiemlak.com/kutahya-merkez-saray-kiralik/daire/0-46964910","1 / 3","12.250","18/07/2026","Saray Mahallesi Eşyalı 1+1 Ev Depozito 3 Taksit","Kiralık Daire","1 + 1","55 m²","10 Yaşında","Zemin","Kütahya / Merkez / Saray Mah.","https://www.hepsiemlak.com/_nuxt/8cafc93fb5c74c75e9e04e528e02ccdf.jpg","",""
"https://www.hepsiemlak.com/kutahya-merkez-meydan-kiralik/daire/170667-56","1 / 20","11.500","18/08/2026","Hg'den Meydan'da Kiralık Eşyalı 1+1","Kiralık Daire","1 + 1","55 m²","7 Yaşında","Yüksek Giriş","Kütahya / Merkez / Meydan Mah.","https://www.hepsiemlak.com/_nuxt/8cafc93fb5c74c75e9e04e528e02ccdf.jpg","",""
"https://www.hepsiemlak.com/kutahya-merkez-balikli-kiralik/daire/151202-2036","1 / 16","10.000","27/08/2026","Sayman'dan Kütahya Merkezde Kiralık Eşyalı 1+1","Kiralık Daire","1 + 1","50 m²","31 Yaşında","4. Kat","Kütahya / Merkez / Balıklı Mah.","https://www.hepsiemlak.com/_nuxt/8cafc93fb5c74c75e9e04e528e02ccdf.jpg","Sayman Emlak","https://www.hepsiemlak.com/_nuxt/8cafc93fb5c74c75e9e04e528e02ccdf.jpg"
"https://www.hepsiemlak.com/kutahya-tavsanli-moymul-kiralik/daire/123586-245","1 / 6","25.000","19/08/2026","Türker'den Kiralık 2+1 Full Eşyalı Daire","Kiralık Daire","2 + 0","80 m²","10 Yaşında","3. Kat","Kütahya / Tavşanlı / Moymul Mah.","https://www.hepsiemlak.com/_nuxt/8cafc93fb5c74c75e9e04e528e02ccdf.jpg","",""
"https://www.hepsiemlak.com/kutahya-tavsanli-yeni-kiralik/daire/0-46934580","1 / 17","36.000","17/08/2026","7+1 Dublex 260m2","Kiralık Daire","7 + 1","280 m²","15 Yaşında","3. Kat","Kütahya / Tavşanlı / Yeni Mah.","https://www.hepsiemlak.com/_nuxt/8cafc93fb5c74c75e9e04e528e02ccdf.jpg","",""
"https://www.hepsiemlak.com/kutahya-merkez-fatih-kiralik/daire/0-46859653","1 / 15","17.000","03/09/2026","Fatih Mahallesi, Hasbahçe Sitesi, Eşyalı 2+1 Sahibinden Kiralık","Kiralık Daire","2 + 1","100 m²","40 Yaşında","1. Kat","Kütahya / Merkez / Fatih Mah.","https://www.hepsiemlak.com/_nuxt/8cafc93fb5c74c75e9e04e528e02ccdf.jpg","",""
"https://www.hepsiemlak.com/kutahya-merkez-yildirim-beyazit-kiralik/daire/0-46777273","1 / 15","16.000","17/06/2026","Sahibinden Yıldırım Beyazıt İstasyon Caddesi Civarı 2+1 Daire","Kiralık Daire","2 + 1","95 m²","55 Yaşında","2. Kat","Kütahya / Merkez / Yıldırım Beyazıt Mah.","https://www.hepsiemlak.com/_nuxt/8cafc93fb5c74c75e9e04e528e02ccdf.jpg","",""
"https://www.hepsiemlak.com/kutahya-merkez-dumlupinar-kiralik/daire/150267-126","1 / 10","12.000","28/07/2026","Mars'tan Sporkent'te Kiralık 1+1 Eşyalı Daire","Kiralık Daire","1 + 1","45 m²","11 Yaşında","3. Kat","Kütahya / Merkez / Dumlupınar Mah.","https://www.hepsiemlak.com/_nuxt/8cafc93fb5c74c75e9e04e528e02ccdf.jpg","",""
"https://www.hepsiemlak.com/kutahya-merkez-cemalettin-kiralik/daire/170667-36","1 / 20","12.000","03/08/2026","Hg'den Menderes Caddesinde 3+1 Daire","Kiralık Daire","3 + 1","125 m²","25 Yaşında","Ara Kat","Kütahya / Merkez / Cemalettin Mah.","https://www.hepsiemlak.com/_nuxt/8cafc93fb5c74c75e9e04e528e02ccdf.jpg","",""
"https://www.hepsiemlak.com/kutahya-merkez-yenidogan-kiralik/daire/151202-1964","1 / 19","14.500","30/08/2026","Sayman'dan Merkezde Yenidoğan Mahallesi'nde Kiralık 2+0 Daire","Kiralık Daire","2 + 0","75 m²","Sıfır Bina","3. Kat","Kütahya / Merkez / Yenidoğan Mah.","https://www.hepsiemlak.com/_nuxt/8cafc93fb5c74c75e9e04e528e02ccdf.jpg","Sayman Emlak","https://www.hepsiemlak.com/_nuxt/8cafc93fb5c74c75e9e04e528e02ccdf.jpg"
"https://www.hepsiemlak.com/kutahya-merkez-servi-kiralik/daire/170667-22","1 / 15","14.000","20/08/2026","Hg'den Yeni Sağlık Müdürlüğü Binası Yanı 1+1","Kiralık Daire","1 + 1","60 m²","6 Yaşında","3. Kat","Kütahya / Merkez / Servi Mah.","","",""
"https://www.hepsiemlak.com/kutahya-merkez-bahcelievler-kiralik/daire/151202-1956","1 / 35","30.000","22/08/2026","Saymandan Bölcek'te Padok Sitesinde Kiralık Sıfır 4+1 Lüks Daire","Kiralık Daire","4 + 1","175 m²","Sıfır Bina","1. Kat","Kütahya / Merkez / Bahçelievler Mah.","https://hecdnnw.hemlak.com/mncropresize/77/67/logo/2/0/2/1/5/1/309ed5d5-90d7-4270-a2f0-ea9dda784a9d.jpg","Sayman Emlak",""
"https://www.hepsiemlak.com/kutahya-merkez-dumlupinar-kiralik/daire/151202-1934","1 / 33","28.000","22/08/2026","Sayman'dan Sporkent Yeni Yerleşim Alanında Kiralık 3+1 Daire","Kiralık Daire","3 + 1","175 m²","5 Yaşında","1. Kat","Kütahya / Merkez / Dumlupınar Mah.","https://hecdnnw.hemlak.com/mncropresize/77/67/logo/2/0/2/1/5/1/309ed5d5-90d7-4270-a2f0-ea9dda784a9d.jpg","Sayman Emlak",""
"https://www.hepsiemlak.com/kutahya-tavsanli-yeni-kiralik/daire/0-47030028","1 / 10","23.500","07/09/2026","Sadik Pembe 2+1","Kiralık Daire","2 + 1","83 m²","5 Yaşında","2. Kat","Kütahya / Tavşanlı / Yeni Mah.","https://hecdn01.hemlak.com/mncropresize/182/137/ds01/8/2/0/0/3/0/7/4/1785326703743-47030028.jpg","",""
"https://www.hepsiemlak.com/kutahya-merkez-zafertepe-kiralik/daire/151202-1913","1 / 32","17.000","22/08/2026","Sayman'dan Zafertepe Mh'de Sıfır Arakat Kiralık 2+1 Lüks Daire","Kiralık Daire","2 + 1","98 m²","Sıfır Bina","2. Kat","Kütahya / Merkez / Zafertepe Mah.","https://www.hepsiemlak.com/_nuxt/8cafc93fb5c74c75e9e04e528e02ccdf.jpg","Sayman Emlak","https://www.hepsiemlak.com/_nuxt/8cafc93fb5c74c75e9e04e528e02ccdf.jpg"
"https://www.hepsiemlak.com/kutahya-merkez-yunusemre-kiralik/daire/170667-2","1 / 11","10.000","27/07/2026","Park Hayat Hastanesi Yakını 1+1","Kiralık Daire","1 + 1","55 m²","7 Yaşında","Ara Kat","Kütahya / Merkez / Yunusemre Mah.","https://www.hepsiemlak.com/_nuxt/8cafc93fb5c74c75e9e04e528e02ccdf.jpg","",""
"https://www.hepsiemlak.com/kutahya-merkez-servi-kiralik/daire/151202-1911","1 / 31","23.000","27/08/2026","Sayman'dan Atatürk Bulvarında 3+1 Kiralık Ofis & Daire","Kiralık Daire","3 + 1","140 m²","21 Yaşında","5. Kat","Kütahya / Merkez / Servi Mah.","https://www.hepsiemlak.com/_nuxt/8cafc93fb5c74c75e9e04e528e02ccdf.jpg","Sayman Emlak","https://www.hepsiemlak.com/_nuxt/8cafc93fb5c74c75e9e04e528e02ccdf.jpg"
"https://www.hepsiemlak.com/kutahya-merkez-gaybiefendi-kiralik/daire/0-46909528","1 / 6","15.000","16/07/2026","Cafeler Caddesinde Sahibinden","Kiralık Daire","1 + 1","45 m²","15 Yaşında","4. Kat","Kütahya / Merkez / Gaybiefendi Mah.","https://www.hepsiemlak.com/_nuxt/8cafc93fb5c74c75e9e04e528e02ccdf.jpg","",""
"https://www.hepsiemlak.com/kutahya-merkez-cumhuriyet-kiralik/daire/150267-114","1 / 24","18.000","31/07/2026","Mars'tan Diş Hastanesine Yakın Konumlu Kiralık 3+1 Daire","Kiralık Daire","3 + 1","145 m²","16 Yaşında","3. Kat","Kütahya / Merkez / Cumhuriyet Mah.","https://www.hepsiemlak.com/_nuxt/8cafc93fb5c74c75e9e04e528e02ccdf.jpg","",""
"https://www.hepsiemlak.com/kutahya-merkez-zafertepe-kiralik/daire/0-37253867","1 / 5","11.999","10/09/2026","Sağlık Bilmlr,Shbndn, 1+1, 2+1, 3+1 Videolu, Açık Abone, 2 Ayrı Odalı-Ayrı Mutfaklı, Eşyalı, 2 Wc-Ba","Kiralık Daire","1 + 1","72 m²","5 Yaşında","1. Kat","Kütahya / Merkez / Zafertepe Mah.","https://www.hepsiemlak.com/_nuxt/8cafc93fb5c74c75e9e04e528e02ccdf.jpg","",""
"https://www.hepsiemlak.com/kutahya-merkez-meydan-kiralik/daire/96870-1385","1 / 16","21.000","16/08/2026","Kolçan Emlak'tan Meydan'da Eşyalı 2+0 Kiralık Daire","Kiralık Daire","2 + 0","75 m²","6 Yaşında","2. Kat","Kütahya / Merkez / Meydan Mah.","https://www.hepsiemlak.com/_nuxt/8cafc93fb5c74c75e9e04e528e02ccdf.jpg","",""
"https://www.hepsiemlak.com/kutahya-merkez-akkent-kiralik/daire/151202-1770","1 / 12","23.000","06/09/2026","Sayman Emlak'tan Sera Avm Ve Yeni Adliye Arkası Kiralık Daire","Kiralık Daire","2 + 1","100 m²","Sıfır Bina","3. Kat","Kütahya / Merkez / Akkent Mah.","https://www.hepsiemlak.com/_nuxt/8cafc93fb5c74c75e9e04e528e02ccdf.jpg","Sayman Emlak","https://www.hepsiemlak.com/_nuxt/8cafc93fb5c74c75e9e04e528e02ccdf.jpg"
"https://www.hepsiemlak.com/kutahya-merkez-ziraat-kiralik/daire/131176-220","1 / 40","27.000","08/08/2026","Şehir Hastanesi Yakını Kiralık 4+1 Dublex Daire","Kiralık Daire","4 + 1","180 m²","11 Yaşında","3. Kat","Kütahya / Merkez / Ziraat Mah.","https://www.hepsiemlak.com/_nuxt/8cafc93fb5c74c75e9e04e528e02ccdf.jpg","",""
"https://www.hepsiemlak.com/kutahya-tavsanli-yeni-kiralik/daire/154207-87","1 / 6","20.000","03/07/2026","Muhtar Emlak'tan Denizbank Üstünde Eşyalı Kiralık Apart","Kiralık Daire","1 + 1","70 m²","10 Yaşında","Ara Kat","Kütahya / Tavşanlı / Yeni Mah.","https://www.hepsiemlak.com/_nuxt/8cafc93fb5c74c75e9e04e528e02ccdf.jpg","",""
"https://www.hepsiemlak.com/kutahya-merkez-saray-kiralik/daire/129236-434","1 / 18","10.000","01/08/2026","Kütahya Merkez Saray Mahalle Çarşı İçi Merkezi Orduevi Adliye Ara Kat Mutfak Ayrı Kiralık 1+1 Apart","Kiralık Daire","1 + 1","40 m²","10 Yaşında","Ara Kat","Kütahya / Merkez / Saray Mah.","https://www.hepsiemlak.com/_nuxt/8cafc93fb5c74c75e9e04e528e02ccdf.jpg","",""
"https://www.hepsiemlak.com/kutahya-merkez-saray-kiralik/daire/151202-1998","1 / 11","13.500","28/08/2026","Sayman'dan Saray Mahallesi'nde Kiralık Eşyalı 1+1 Daire","Kiralık Daire","1 + 1","55 m²","11 Yaşında","2. Kat","Kütahya / Merkez / Saray Mah.","https://www.hepsiemlak.com/_nuxt/8cafc93fb5c74c75e9e04e528e02ccdf.jpg","Sayman Emlak","https://www.hepsiemlak.com/_nuxt/8cafc93fb5c74c75e9e04e528e02ccdf.jpg"
"https://www.hepsiemlak.com/kutahya-merkez-lala-huseyin-pasa-kiralik/daire/96870-1354","1 / 9","17.000","31/08/2026","Lala Hüseyin Paşa'da Eşyalı 2+0 Kiralık Daire","Kiralık Daire","2 + 0","80 m²","Sıfır Bina","2. Kat","Kütahya / Merkez / Lala Hüseyin Paşa Mah.","https://www.hepsiemlak.com/_nuxt/8cafc93fb5c74c75e9e04e528e02ccdf.jpg","",""
"https://www.hepsiemlak.com/kutahya-merkez-lala-huseyin-pasa-kiralik/daire/151202-2025","1 / 5","15.000","28/08/2026","Sayman'dan Lala Hüseyin Paşa'da Eşyalı Kiralık 1+1 Daire","Kiralık Daire","1 + 1","55 m²","6 Yaşında","4. Kat","Kütahya / Merkez / Lala Hüseyin Paşa Mah.","https://www.hepsiemlak.com/_nuxt/8cafc93fb5c74c75e9e04e528e02ccdf.jpg","Sayman Emlak","https://www.hepsiemlak.com/_nuxt/8cafc93fb5c74c75e9e04e528e02ccdf.jpg"
"https://www.hepsiemlak.com/kutahya-merkez-kirazpinar-kiralik/daire/151202-2060","1 / 17","13.250","04/09/2026","Sayman Dan Kirazpınar Da Kiralık Eşyalı 2+1 Daire","Kiralık Daire","2 + 1","88 m²","3 Yaşında","2. Kat","Kütahya / Merkez / Kirazpınar Mah.","https://www.hepsiemlak.com/_nuxt/8cafc93fb5c74c75e9e04e528e02ccdf.jpg","Sayman Emlak","https://www.hepsiemlak.com/_nuxt/8cafc93fb5c74c75e9e04e528e02ccdf.jpg"
"https://www.hepsiemlak.com/kutahya-merkez-balikli-kiralik/daire/151202-2027","1 / 19","10.000","25/08/2026","Sayman'dan Kütahya Merkezde Kiralık Eşyalı 1+1","Kiralık Daire","1 + 1","50 m²","21 Yaşında","1. Kat","Kütahya / Merkez / Balıklı Mah.","https://www.hepsiemlak.com/_nuxt/8cafc93fb5c74c75e9e04e528e02ccdf.jpg","Sayman Emlak","https://www.hepsiemlak.com/_nuxt/8cafc93fb5c74c75e9e04e528e02ccdf.jpg"
"https://www.hepsiemlak.com/kutahya-tavsanli-istasyon-kiralik/daire/151672-132","1 / 9","15.000","31/08/2026","^^akyol Emlaktan Kiralık 1+1 Eşyalı Daire^^","Kiralık Daire","1 + 1","50 m²","6 Yaşında","2. Kat","Kütahya / Tavşanlı / İstasyon Mah.","https://www.hepsiemlak.com/_nuxt/8cafc93fb5c74c75e9e04e528e02ccdf.jpg","",""
"https://www.hepsiemlak.com/kutahya-merkez-akkent-kiralik/daire/151202-1988","1 / 23","15.500","09/09/2026","Sayman'dan Yeni Tokilerde Kiralık 2+1 Daire","Kiralık Daire","2 + 1","100 m²","Sıfır Bina","3. Kat","Kütahya / Merkez / Akkent Mah.","https://www.hepsiemlak.com/_nuxt/8cafc93fb5c74c75e9e04e528e02ccdf.jpg","Sayman Emlak","https://www.hepsiemlak.com/_nuxt/8cafc93fb5c74c75e9e04e528e02ccdf.jpg"
"https://www.hepsiemlak.com/kutahya-merkez-lala-huseyin-pasa-kiralik/daire/151202-1982","1 / 28","17.000","06/09/2026","Sayman'dan Şehir Hastanesi Ve Eski Emniyete Yakın Kiralık Daire","Kiralık Daire","2 + 1","80 m²","Sıfır Bina","3. Kat","Kütahya / Merkez / Lala Hüseyin Paşa Mah.","https://www.hepsiemlak.com/_nuxt/8cafc93fb5c74c75e9e04e528e02ccdf.jpg","Sayman Emlak","https://www.hepsiemlak.com/_nuxt/8cafc93fb5c74c75e9e04e528e02ccdf.jpg"
"https://www.hepsiemlak.com/kutahya-tavsanli-moymul-kiralik/daire/0-41270490","1 / 13","17.400","18/08/2026","Sahibinden Moymul Mahallesinde Eşyalı 1+1 Daire","Kiralık Daire","1 + 1","55 m²","8 Yaşında","Yüksek Giriş","Kütahya / Tavşanlı / Moymul Mah.","https://www.hepsiemlak.com/_nuxt/8cafc93fb5c74c75e9e04e528e02ccdf.jpg","",""
"https://www.hepsiemlak.com/kutahya-merkez-meydan-kiralik/daire/151202-1977","1 / 20","11.500","05/09/2026","Sayman Emlak'tan Meydan'da Uygun Rakam 2+0 Kiralık Daire","Kiralık Daire","2 + 0","60 m²","6 Yaşında","1. Kat","Kütahya / Merkez / Meydan Mah.","https://hecdnnw.hemlak.com/mncropresize/77/67/logo/2/0/2/1/5/1/309ed5d5-90d7-4270-a2f0-ea9dda784a9d.jpg","Sayman Emlak",""
"https://www.hepsiemlak.com/kutahya-tavsanli-yeni-kiralik/daire/0-46565434","1 / 11","25.000","23/07/2026","Şehrin Merkezi Eşyalı Lux Apart Son Nokta:Doruk Resıdence 2+1","Kiralık Daire","2 + 1","105 m²","8 Yaşında","Ara Kat","Kütahya / Tavşanlı / Yeni Mah.","","",""
"https://www.hepsiemlak.com/kutahya-merkez-yunusemre-kiralik/daire/151202-1976","1 / 33","18.000","04/09/2026","Sayman'dan Kiralık Geniş Arakat Güney Cephe 3+1 Daire","Kiralık Daire","3 + 1","145 m²","21 Yaşında","2. Kat","Kütahya / Merkez / Yunusemre Mah.","https://hecdnnw.hemlak.com/mncropresize/77/67/logo/2/0/2/1/5/1/309ed5d5-90d7-4270-a2f0-ea9dda784a9d.jpg","Sayman Emlak",""
"https://www.hepsiemlak.com/kutahya-merkez-fatih-kiralik/daire/151202-1974","1 / 31","21.000","03/09/2026","Sayman'dan Kütahya Fatih Mahallesinde Kiralık 3+1 Daire","Kiralık Daire","3 + 1","140 m²","21 Yaşında","4. Kat","Kütahya / Merkez / Fatih Mah.","https://hecdn01.hemlak.com/mncropresize/182/137/ds01/5/8/7/2/6/0/7/4/a6dab835-b843-4be2-8f14-33c46696a0a1.jpg","Sayman Emlak","https://hecdnnw.hemlak.com/mncropresize/77/67/logo/2/0/2/1/5/1/309ed5d5-90d7-4270-a2f0-ea9dda784a9d.jpg"
"https://www.hepsiemlak.com/kutahya-merkez-dumlupinar-kiralik/daire/151202-1965","1 / 21","18.500","28/08/2026","Sayman'dan Sporkent'te 3+1 Geniş Kiralık Daire","Kiralık Daire","3 + 1","155 m²","6 Yaşında","2. Kat","Kütahya / Merkez / Dumlupınar Mah.","https://www.hepsiemlak.com/_nuxt/8cafc93fb5c74c75e9e04e528e02ccdf.jpg","Sayman Emlak","https://www.hepsiemlak.com/_nuxt/8cafc93fb5c74c75e9e04e528e02ccdf.jpg"
"https://www.hepsiemlak.com/kutahya-merkez-alipasa-kiralik/daire/151202-1963","1 / 19","17.000","30/08/2026","Sayman'dan Merkezde Atatürk Caddesi Arkasında Kiralık 2+1 Daire","Kiralık Daire","2 + 1","80 m²","11 Yaşında","3. Kat","Kütahya / Merkez / Alipaşa Mah.","https://www.hepsiemlak.com/_nuxt/8cafc93fb5c74c75e9e04e528e02ccdf.jpg","Sayman Emlak","https://www.hepsiemlak.com/_nuxt/8cafc93fb5c74c75e9e04e528e02ccdf.jpg"
"https://www.hepsiemlak.com/kutahya-merkez-meydan-kiralik/daire/151202-1940","1 / 26","14.000","28/08/2026","Sayman'dan Merkezi Konumda Kiralık 2+1 Daire","Kiralık Daire","2 + 1","105 m²","11 Yaşında","4. Kat","Kütahya / Merkez / Meydan Mah.","https://www.hepsiemlak.com/_nuxt/8cafc93fb5c74c75e9e04e528e02ccdf.jpg","Sayman Emlak","https://www.hepsiemlak.com/_nuxt/8cafc93fb5c74c75e9e04e528e02ccdf.jpg"
"https://www.hepsiemlak.com/kutahya-merkez-bahcelievler-kiralik/daire/151202-1933","1 / 23","19.000","22/08/2026","Sayman'dan Bahçelievler Mahallesinde Kiralık Lüsk 2+1 Daire","Kiralık Daire","2 + 1","100 m²","4 Yaşında","1. Kat","Kütahya / Merkez / Bahçelievler Mah.","https://www.hepsiemlak.com/_nuxt/8cafc93fb5c74c75e9e04e528e02ccdf.jpg","Sayman Emlak","https://www.hepsiemlak.com/_nuxt/8cafc93fb5c74c75e9e04e528e02ccdf.jpg"
"https://www.hepsiemlak.com/kutahya-merkez-evliya-celebi-kiralik/daire/151202-1946","1 / 7","23.000","22/08/2026","Evliya Çelebi De Faturalar Kiraya Dahil Eşyalı 1+1 Daire","Kiralık Daire","1 + 1","55 m²","1 Yaşında","1. Kat","Kütahya / Merkez / Evliya Çelebi Mah.","https://www.hepsiemlak.com/_nuxt/8cafc93fb5c74c75e9e04e528e02ccdf.jpg","Sayman Emlak","https://www.hepsiemlak.com/_nuxt/8cafc93fb5c74c75e9e04e528e02ccdf.jpg"
"https://www.hepsiemlak.com/kutahya-merkez-evliya-celebi-kiralik/daire/151202-1950","1 / 17","20.000","22/08/2026","Sayman'dan Şehir Hastanesinin Karşısında Kiralık Ultra Lüks 1+1","Kiralık Daire","1 + 1","79 m²","Sıfır Bina","1. Kat","Kütahya / Merkez / Evliya Çelebi Mah.","https://www.hepsiemlak.com/_nuxt/8cafc93fb5c74c75e9e04e528e02ccdf.jpg","Sayman Emlak","https://www.hepsiemlak.com/_nuxt/8cafc93fb5c74c75e9e04e528e02ccdf.jpg"
"https://www.hepsiemlak.com/kutahya-merkez-dumlupinar-kiralik/daire/151202-1944","1 / 24","15.500","31/08/2026","Sayman'dan Sporkent'te Kiralık 3+1 Daire","Kiralık Daire","3 + 1","105 m²","6 Yaşında","1. Kat","Kütahya / Merkez / Dumlupınar Mah.","https://www.hepsiemlak.com/_nuxt/8cafc93fb5c74c75e9e04e528e02ccdf.jpg","Sayman Emlak","https://www.hepsiemlak.com/_nuxt/8cafc93fb5c74c75e9e04e528e02ccdf.jpg"
"https://www.hepsiemlak.com/kutahya-merkez-meydan-kiralik/daire/151202-1848","1 / 21","18.000","09/09/2026","Sayman'dan Meydan Mahallesinde Kiralık 3+1 Daire","Kiralık Daire","3 + 1","120 m²","16 Yaşında","4. Kat","Kütahya / Merkez / Meydan Mah.","https://www.hepsiemlak.com/_nuxt/8cafc93fb5c74c75e9e04e528e02ccdf.jpg","Sayman Emlak","https://www.hepsiemlak.com/_nuxt/8cafc93fb5c74c75e9e04e528e02ccdf.jpg"
"https://www.hepsiemlak.com/kutahya-merkez-kirazpinar-kiralik/daire/151202-1810","1 / 15","15.000","22/08/2026","Sayman'dan As Port Yaşam Merkezi'nde Eşyalı 1+1 Kiralık Daire","Kiralık Daire","1 + 1","60 m²","Sıfır Bina","3. Kat","Kütahya / Merkez / Kirazpınar Mah.","https://www.hepsiemlak.com/_nuxt/8cafc93fb5c74c75e9e04e528e02ccdf.jpg","Sayman Emlak","https://www.hepsiemlak.com/_nuxt/8cafc93fb5c74c75e9e04e528e02ccdf.jpg"
"https://www.hepsiemlak.com/kutahya-gediz-saygilar-kiralik/daire/0-46713571","1 / 5","12.000","05/09/2026","Gediz Merkez Eşyalı 1+1","Kiralık Daire","2 + 1","65 m²","15 Yaşında","Giriş Katı","Kütahya / Gediz / Saygılar Mah.","https://www.hepsiemlak.com/_nuxt/8cafc93fb5c74c75e9e04e528e02ccdf.jpg","",""
"https://www.hepsiemlak.com/kutahya-merkez-kirazpinar-kiralik/daire/151202-1805","1 / 30","14.000","05/09/2026","Sayman'dan Dumlupınar Üniversitesi Karşısında Kiralık Sıfır 1+1","Kiralık Daire","1 + 1","50 m²","Sıfır Bina","2. Kat","Kütahya / Merkez / Kirazpınar Mah.","https://www.hepsiemlak.com/_nuxt/8cafc93fb5c74c75e9e04e528e02ccdf.jpg","Sayman Emlak","https://www.hepsiemlak.com/_nuxt/8cafc93fb5c74c75e9e04e528e02ccdf.jpg"
"https://www.hepsiemlak.com/kutahya-merkez-meydan-kiralik/daire/151202-1744","1 / 15","10.000","02/09/2026","Sayman Emlak'tan Meydan Mahallesi Fırsat 1+1 Kiralık Daire","Kiralık Daire","1 + 1","60 m²","6 Yaşında","4. Kat","Kütahya / Merkez / Meydan Mah.","https://www.hepsiemlak.com/_nuxt/8cafc93fb5c74c75e9e04e528e02ccdf.jpg","Sayman Emlak","https://www.hepsiemlak.com/_nuxt/8cafc93fb5c74c75e9e04e528e02ccdf.jpg"
"https://www.hepsiemlak.com/kutahya-merkez-evliya-celebi-kiralik/daire/151202-1724","1 / 31","21.000","27/08/2026","Sayman Emlak'tan Şehir Hastanesi Karşısında Fırsat 2+1 Kiralık","Kiralık Daire","2 + 1","110 m²","4 Yaşında","4. Kat","Kütahya / Merkez / Evliya Çelebi Mah.","https://www.hepsiemlak.com/_nuxt/8cafc93fb5c74c75e9e04e528e02ccdf.jpg","Sayman Emlak","https://www.hepsiemlak.com/_nuxt/8cafc93fb5c74c75e9e04e528e02ccdf.jpg"
"https://www.hepsiemlak.com/kutahya-merkez-100-yil-kiralik/daire/151202-1670","1 / 26","20.000","22/08/2026","Sayman'dan Erka Çarşısı Arkası Kiralık Geniş Daire","Kiralık Daire","3 + 1","150 m²","6 Yaşında","3. Kat","Kütahya / Merkez / 100. Yıl Mah.","https://www.hepsiemlak.com/_nuxt/8cafc93fb5c74c75e9e04e528e02ccdf.jpg","Sayman Emlak","https://www.hepsiemlak.com/_nuxt/8cafc93fb5c74c75e9e04e528e02ccdf.jpg"
"https://www.hepsiemlak.com/kutahya-merkez-zafertepe-kiralik/daire/151202-1530","1 / 29","16.500","22/08/2026","Sayman'dan Zafertepe'de Cadde Üzeri Bakımlı 2+1 Kiralık Daire","Kiralık Daire","2 + 1","98 m²","1 Yaşında","3. Kat","Kütahya / Merkez / Zafertepe Mah.","https://www.hepsiemlak.com/_nuxt/8cafc93fb5c74c75e9e04e528e02ccdf.jpg","Sayman Emlak","https://www.hepsiemlak.com/_nuxt/8cafc93fb5c74c75e9e04e528e02ccdf.jpg"
"https://www.hepsiemlak.com/kutahya-merkez-meydan-kiralik/daire/151202-1410","1 / 15","12.000","31/08/2026","Sayman Emlak'tan Merkez Meydan Mahallesin'de Kiralık 1+1 Daire","Kiralık Daire","1 + 1","65 m²","6 Yaşında","1. Kat","Kütahya / Merkez / Meydan Mah.","https://www.hepsiemlak.com/_nuxt/8cafc93fb5c74c75e9e04e528e02ccdf.jpg","Sayman Emlak","https://www.hepsiemlak.com/_nuxt/8cafc93fb5c74c75e9e04e528e02ccdf.jpg"
"https://www.hepsiemlak.com/kutahya-merkez-evliya-celebi-kiralik/daire/151202-1916","1 / 5","20.000","22/08/2026","Sayman'dan Şehir Hastanesine Komşu 1+1 Eşyalı Daire","Kiralık Daire","1 + 1","50 m²","1 Yaşında","2. Kat","Kütahya / Merkez / Evliya Çelebi Mah.","https://www.hepsiemlak.com/_nuxt/8cafc93fb5c74c75e9e04e528e02ccdf.jpg","Sayman Emlak","https://www.hepsiemlak.com/_nuxt/8cafc93fb5c74c75e9e04e528e02ccdf.jpg"
"https://www.hepsiemlak.com/kutahya-merkez-gaybiefendi-kiralik/daire/151202-1985","1 / 20","13.000","07/09/2026","Sayman'dan Merkez De Kiralık Temiz Eşyalı 1+1 Daire","Kiralık Daire","1 + 1","55 m²","6 Yaşında","Yüksek Giriş","Kütahya / Merkez / Gaybiefendi Mah.","https://www.hepsiemlak.com/_nuxt/8cafc93fb5c74c75e9e04e528e02ccdf.jpg","Sayman Emlak","https://www.hepsiemlak.com/_nuxt/8cafc93fb5c74c75e9e04e528e02ccdf.jpg"
"https://www.hepsiemlak.com/kutahya-merkez-ok-meydani-kiralik/daire/151202-1890","1 / 31","21.000","06/09/2026","Sayman'dan Şehir Hastanesine Yakın Kiralık Eşyalı 1+1 Lüks Daire","Kiralık Daire","1 + 1","60 m²","Sıfır Bina","1. Kat","Kütahya / Merkez / Ok Meydanı Mah.","https://www.hepsiemlak.com/_nuxt/8cafc93fb5c74c75e9e04e528e02ccdf.jpg","Sayman Emlak","https://www.hepsiemlak.com/_nuxt/8cafc93fb5c74c75e9e04e528e02ccdf.jpg"
"https://www.hepsiemlak.com/kutahya-merkez-meydan-kiralik/daire/151202-1877","1 / 15","14.500","03/09/2026","Sayman'dan Meydan'da Kiralık Eşyalı 1+1 Arakat Daire","Kiralık Daire","1 + 1","55 m²","6 Yaşında","2. Kat","Kütahya / Merkez / Meydan Mah.","https://www.hepsiemlak.com/_nuxt/8cafc93fb5c74c75e9e04e528e02ccdf.jpg","Sayman Emlak","https://www.hepsiemlak.com/_nuxt/8cafc93fb5c74c75e9e04e528e02ccdf.jpg"
"https://www.hepsiemlak.com/kutahya-merkez-meydan-kiralik/daire/151202-1875","1 / 15","15.000","31/08/2026","Sayman'dan Meydan'da Kiralık Geniş 1+1 Eşyalı Daire","Kiralık Daire","1 + 1","55 m²","6 Yaşında","2. Kat","Kütahya / Merkez / Meydan Mah.","https://hecdnnw.hemlak.com/mncropresize/77/67/logo/2/0/2/1/5/1/309ed5d5-90d7-4270-a2f0-ea9dda784a9d.jpg","Sayman Emlak",""
"https://www.hepsiemlak.com/kutahya-merkez-meydan-kiralik/daire/151202-1859","1 / 16","15.500","28/08/2026","Sayman'dan Merkezde Kiralık Ultra Lüks 1+1 Daire","Kiralık Daire","1 + 1","45 m²","Sıfır Bina","3. Kat","Kütahya / Merkez / Meydan Mah.","https://hecdnnw.hemlak.com/mncropresize/77/67/logo/2/0/2/1/5/1/309ed5d5-90d7-4270-a2f0-ea9dda784a9d.jpg","Sayman Emlak",""
"https://www.hepsiemlak.com/kutahya-merkez-meydan-kiralik/daire/151202-1857","1 / 15","12.000","26/08/2026","Sayman'dan Merkezi Konum Eşyalı Ayrı Mutfaklı 1+1","Kiralık Daire","1 + 1","55 m²","6 Yaşında","4. Kat","Kütahya / Merkez / Meydan Mah.","https://hecdnnw.hemlak.com/mncropresize/77/67/logo/2/0/2/1/5/1/309ed5d5-90d7-4270-a2f0-ea9dda784a9d.jpg","Sayman Emlak",""
"https://www.hepsiemlak.com/kutahya-merkez-evliya-celebi-kiralik/daire/151202-1855","1 / 17","11.500","22/08/2026","Sayman'dan Evliya Çelebi'de Kiralık 3+1 Daire","Kiralık Daire","3 + 1","120 m²","31 Yaşında","Zemin","Kütahya / Merkez / Evliya Çelebi Mah.","https://hecdn01.hemlak.com/mncropresize/182/137/ds01/7/5/7/6/1/8/6/4/367577cf-285c-4216-94e5-572301c6dbd2.jpg","Sayman Emlak","https://hecdnnw.hemlak.com/mncropresize/77/67/logo/2/0/2/1/5/1/309ed5d5-90d7-4270-a2f0-ea9dda784a9d.jpg"
"https://www.hepsiemlak.com/kutahya-merkez-gaybiefendi-kiralik/daire/151202-1851","1 / 22","16.000","26/08/2026","Sayman'dan Cafeler Caddesi Arkasında Kiralık Eşyalı Arakat 1+1","Kiralık Daire","1 + 1","50 m²","4 Yaşında","3. Kat","Kütahya / Merkez / Gaybiefendi Mah.","https://www.hepsiemlak.com/_nuxt/8cafc93fb5c74c75e9e04e528e02ccdf.jpg","Sayman Emlak","https://www.hepsiemlak.com/_nuxt/8cafc93fb5c74c75e9e04e528e02ccdf.jpg"
"https://www.hepsiemlak.com/kutahya-merkez-kirazpinar-kiralik/daire/151202-1824","1 / 22","14.000","22/08/2026","Sayman'dan As Port Yaşam Merkezi Eşyalı Lüks 1+1 Kiralık Daire","Kiralık Daire","1 + 1","60 m²","1 Yaşında","3. Kat","Kütahya / Merkez / Kirazpınar Mah.","https://www.hepsiemlak.com/_nuxt/8cafc93fb5c74c75e9e04e528e02ccdf.jpg","Sayman Emlak","https://www.hepsiemlak.com/_nuxt/8cafc93fb5c74c75e9e04e528e02ccdf.jpg"
"https://www.hepsiemlak.com/kutahya-merkez-zafertepe-kiralik/daire/151202-1802","1 / 19","9.500","22/08/2026","Zafertepe Durmaz Sitesi 1+1 Kiralık Fırsat Daire","Kiralık Daire","1 + 1","55 m²","6 Yaşında","4. Kat","Kütahya / Merkez / Zafertepe Mah.","https://www.hepsiemlak.com/_nuxt/8cafc93fb5c74c75e9e04e528e02ccdf.jpg","Sayman Emlak","https://www.hepsiemlak.com/_nuxt/8cafc93fb5c74c75e9e04e528e02ccdf.jpg"
"https://www.hepsiemlak.com/kutahya-merkez-gaybiefendi-kiralik/daire/151202-1698","1 / 25","16.000","05/09/2026","Sayman'dan Cafeler Sokağı Arkası Kiralık 2+1 Daire","Kiralık Daire","2 + 1","75 m²","4 Yaşında","4. Kat","Kütahya / Merkez / Gaybiefendi Mah.","https://www.hepsiemlak.com/_nuxt/8cafc93fb5c74c75e9e04e528e02ccdf.jpg","Sayman Emlak","https://www.hepsiemlak.com/_nuxt/8cafc93fb5c74c75e9e04e528e02ccdf.jpg"
"https://www.hepsiemlak.com/kutahya-merkez-lala-huseyin-pasa-kiralik/daire/151202-1697","1 / 24","13.750","03/09/2026","Sayman'dan Kiralık Lala Hüseyin Paşa' Da 2+1 Daire","Kiralık Daire","2 + 1","110 m²","4 Yaşında","Zemin","Kütahya / Merkez / Lala Hüseyin Paşa Mah.","https://www.hepsiemlak.com/_nuxt/8cafc93fb5c74c75e9e04e528e02ccdf.jpg","Sayman Emlak","https://www.hepsiemlak.com/_nuxt/8cafc93fb5c74c75e9e04e528e02ccdf.jpg"
"https://www.hepsiemlak.com/kutahya-merkez-servi-kiralik/daire/151202-1693","1 / 23","15.000","22/08/2026","Sayman'dan Kütahya Merkezin Göbeğinde Kiralık Eşyalı 1+1","Kiralık Daire","1 + 1","55 m²","6 Yaşında","Yüksek Giriş","Kütahya / Merkez / Servi Mah.","https://www.hepsiemlak.com/_nuxt/8cafc93fb5c74c75e9e04e528e02ccdf.jpg","Sayman Emlak","https://www.hepsiemlak.com/_nuxt/8cafc93fb5c74c75e9e04e528e02ccdf.jpg"
"https://www.hepsiemlak.com/kutahya-merkez-cumhuriyet-kiralik/daire/151202-1384","1 / 20","7.000","10/09/2026","Sayman'dan Cumhuriyet Mahallesinde Kiralık Daire","Kiralık Daire","2 + 0","64 m²","11 Yaşında","3. Kat","Kütahya / Merkez / Cumhuriyet Mah.","https://www.hepsiemlak.com/_nuxt/8cafc93fb5c74c75e9e04e528e02ccdf.jpg","Sayman Emlak","https://www.hepsiemlak.com/_nuxt/8cafc93fb5c74c75e9e04e528e02ccdf.jpg"
"https://www.hepsiemlak.com/kutahya-merkez-gaybiefendi-kiralik/daire/151202-1903","1 / 12","15.000","09/09/2026","Sayman'dan Kafeler Caddesi'nde Kiralık Eşyalı 1+1 Daire","Kiralık Daire","1 + 1","55 m²","6 Yaşında","3. Kat","Kütahya / Merkez / Gaybiefendi Mah.","https://www.hepsiemlak.com/_nuxt/8cafc93fb5c74c75e9e04e528e02ccdf.jpg","Sayman Emlak","https://www.hepsiemlak.com/_nuxt/8cafc93fb5c74c75e9e04e528e02ccdf.jpg"
"https://www.hepsiemlak.com/kutahya-merkez-evliya-celebi-kiralik/daire/151202-1849","1 / 8","24.000","22/08/2026","Sayman'dan Evliya Çelebi Mahallesinde Eşyalı 1+1 Daire","Kiralık Daire","1 + 1","55 m²","1 Yaşında","1. Kat","Kütahya / Merkez / Evliya Çelebi Mah.","https://www.hepsiemlak.com/_nuxt/8cafc93fb5c74c75e9e04e528e02ccdf.jpg","Sayman Emlak","https://www.hepsiemlak.com/_nuxt/8cafc93fb5c74c75e9e04e528e02ccdf.jpg"
"https://www.hepsiemlak.com/kutahya-merkez-meydan-kiralik/daire/151202-1878","1 / 17","15.500","03/09/2026","Sayman'dan Kafelere Yakın Kiralık Eşyalı Geniş 1+1 Daire","Kiralık Daire","1 + 1","55 m²","6 Yaşında","2. Kat","Kütahya / Merkez / Meydan Mah.","https://www.hepsiemlak.com/_nuxt/8cafc93fb5c74c75e9e04e528e02ccdf.jpg","Sayman Emlak","https://www.hepsiemlak.com/_nuxt/8cafc93fb5c74c75e9e04e528e02ccdf.jpg"
"https://www.hepsiemlak.com/kutahya-merkez-yildirim-beyazit-kiralik/daire/151202-1861","1 / 18","7.000","22/08/2026","Sayman Emlak'tan Yıldırım Beyazıt'da Fırsat 1+1 Kiralık Daire","Kiralık Daire","1 + 1","55 m²","16 Yaşında","Bahçe Katı","Kütahya / Merkez / Yıldırım Beyazıt Mah.","https://www.hepsiemlak.com/_nuxt/8cafc93fb5c74c75e9e04e528e02ccdf.jpg","Sayman Emlak","https://www.hepsiemlak.com/_nuxt/8cafc93fb5c74c75e9e04e528e02ccdf.jpg"
"https://www.hepsiemlak.com/kutahya-merkez-fatih-kiralik/daire/151202-1733","1 / 27","12.000","22/08/2026","Sayman'dan Fatih Mahallesinde Kiralık 3+1 Daire","Kiralık Daire","3 + 1","150 m²","26 Yaşında","1. Kat","Kütahya / Merkez / Fatih Mah.","https://www.hepsiemlak.com/_nuxt/8cafc93fb5c74c75e9e04e528e02ccdf.jpg","Sayman Emlak","https://www.hepsiemlak.com/_nuxt/8cafc93fb5c74c75e9e04e528e02ccdf.jpg"
"https://www.hepsiemlak.com/kutahya-merkez-yildirim-beyazit-kiralik/daire/151202-1715","1 / 18","8.200","22/08/2026","Sayman Emlak'tan Yıldırım Beyazıt'da Fırsat 1+1 Kiralık Daire","Kiralık Daire","1 + 1","55 m²","16 Yaşında","Bahçe Katı","Kütahya / Merkez / Yıldırım Beyazıt Mah.","https://www.hepsiemlak.com/_nuxt/8cafc93fb5c74c75e9e04e528e02ccdf.jpg","Sayman Emlak","https://www.hepsiemlak.com/_nuxt/8cafc93fb5c74c75e9e04e528e02ccdf.jpg"
"https://www.hepsiemlak.com/kutahya-merkez-yunusemre-kiralik/daire/151202-1412","1 / 17","10.000","22/08/2026","Sayman'dan Hezar Dinari Yanı Kiralık 2+0 Balkonlu Daire","Kiralık Daire","2 + 0","70 m²","6 Yaşında","2. Kat","Kütahya / Merkez / Yunusemre Mah.","https://www.hepsiemlak.com/_nuxt/8cafc93fb5c74c75e9e04e528e02ccdf.jpg","Sayman Emlak","https://www.hepsiemlak.com/_nuxt/8cafc93fb5c74c75e9e04e528e02ccdf.jpg"
"https://www.hepsiemlak.com/kutahya-merkez-zafertepe-kiralik/daire/151202-1862","1 / 13","8.500","22/08/2026","Sayman Emlak'tan Zafertepe'de Fırsat 1+1 Kiralık Daire","Kiralık Daire","2 + 0","55 m²","6 Yaşında","4. Kat","Kütahya / Merkez / Zafertepe Mah.","https://www.hepsiemlak.com/_nuxt/8cafc93fb5c74c75e9e04e528e02ccdf.jpg","Sayman Emlak","https://www.hepsiemlak.com/_nuxt/8cafc93fb5c74c75e9e04e528e02ccdf.jpg"
"https://www.hepsiemlak.com/kutahya-merkez-saray-kiralik/daire/151202-1865","1 / 14","15.000","22/08/2026","Sayman'dan Merkezde Kiralık Eşyalı Sıfır Lüks 1+1 Daire","Kiralık Daire","1 + 1","55 m²","Sıfır Bina","3. Kat","Kütahya / Merkez / Saray Mah.","https://www.hepsiemlak.com/_nuxt/8cafc93fb5c74c75e9e04e528e02ccdf.jpg","Sayman Emlak","https://www.hepsiemlak.com/_nuxt/8cafc93fb5c74c75e9e04e528e02ccdf.jpg"
"https://www.hepsiemlak.com/kutahya-merkez-meydan-kiralik/daire/151202-1394","1 / 13","12.000","03/09/2026","Sayman Emlak'tan Meydan Mahallesinde 1+1 Kiralık Fırsat Daire","Kiralık Daire","1 + 1","50 m²","6 Yaşında","2. Kat","Kütahya / Merkez / Meydan Mah.","https://www.hepsiemlak.com/_nuxt/8cafc93fb5c74c75e9e04e528e02ccdf.jpg","Sayman Emlak","https://www.hepsiemlak.com/_nuxt/8cafc93fb5c74c75e9e04e528e02ccdf.jpg"
"https://www.hepsiemlak.com/kutahya-merkez-evliya-celebi-kiralik/daire/151202-1793","1 / 10","18.500","22/08/2026","Sayman'dan Şehir Hastanesinin Karşısında Kiralık Ultra Lüks 1+1","Kiralık Daire","1 + 1","79 m²","Sıfır Bina","1. Kat","Kütahya / Merkez / Evliya Çelebi Mah.","https://www.hepsiemlak.com/_nuxt/8cafc93fb5c74c75e9e04e528e02ccdf.jpg","Sayman Emlak","https://www.hepsiemlak.com/_nuxt/8cafc93fb5c74c75e9e04e528e02ccdf.jpg"
"https://www.hepsiemlak.com/kutahya-merkez-servi-kiralik/daire/151202-1790","1 / 10","14.750","24/08/2026","Sayman'dan Atatürk Bulvarında Kiralık 1+1 Eşyalı Daire","Kiralık Daire","1 + 1","50 m²","6 Yaşında","3. Kat","Kütahya / Merkez / Servi Mah.","https://www.hepsiemlak.com/_nuxt/8cafc93fb5c74c75e9e04e528e02ccdf.jpg","Sayman Emlak","https://www.hepsiemlak.com/_nuxt/8cafc93fb5c74c75e9e04e528e02ccdf.jpg"
"https://www.hepsiemlak.com/kutahya-merkez-fuatpasa-kiralik/daire/151202-1756","1 / 10","10.500","22/08/2026","Sayman'dan Fuatpaşa'da Kiralık 1+1 Eşyalı Temiz Daire","Kiralık Daire","1 + 1","50 m²","11 Yaşında","Yüksek Giriş","Kütahya / Merkez / Fuatpaşa Mah.","https://www.hepsiemlak.com/_nuxt/8cafc93fb5c74c75e9e04e528e02ccdf.jpg","Sayman Emlak","https://www.hepsiemlak.com/_nuxt/8cafc93fb5c74c75e9e04e528e02ccdf.jpg"
"https://www.hepsiemlak.com/kutahya-merkez-balikli-kiralik/daire/151202-1872","1 / 9","12.000","31/08/2026","Sayman'dan Balıklı Da Kiralık Temiz Eşyalı 1+1 Daire","Kiralık Daire","1 + 1","50 m²","6 Yaşında","2. Kat","Kütahya / Merkez / Balıklı Mah.","https://hecdnnw.hemlak.com/mncropresize/77/67/logo/2/0/2/1/5/1/309ed5d5-90d7-4270-a2f0-ea9dda784a9d.jpg","Sayman Emlak",""
"https://www.hepsiemlak.com/kutahya-merkez-saray-kiralik/daire/151202-1750","1 / 8","11.500","05/09/2026","Sayman'dan Merkez De Kiralık Ultra Lüks Sıfır Daire","Kiralık Daire","1 + 1","55 m²","Sıfır Bina","1. Kat","Kütahya / Merkez / Saray Mah.","https://hecdnnw.hemlak.com/mncropresize/77/67/logo/2/0/2/1/5/1/309ed5d5-90d7-4270-a2f0-ea9dda784a9d.jpg","Sayman Emlak",""